<?xml version="1.0" encoding="UTF-8"?>
<!DOCTYPE mapper PUBLIC "-//mybatis.org//DTD Mapper 3.0//EN" "http://mybatis.org/dtd/mybatis-3-mapper.dtd">
<mapper namespace="com.suguowen.dao.GfCarMapper">
  <resultMap id="BaseResultMap" type="com.suguowen.model.GfCar">
    <id column="car_id" jdbcType="INTEGER" property="carId" />
    <result column="car_number" jdbcType="VARCHAR" property="carNumber" />
    <result column="car_type" jdbcType="VARCHAR" property="carType" />
    <result column="car_brand_number" jdbcType="VARCHAR" property="carBrandNumber" />
    <result column="car_brand" jdbcType="VARCHAR" property="carBrand" />
    <result column="car_volume" jdbcType="INTEGER" property="carVolume" />
    <result column="car_license_front" jdbcType="VARCHAR" property="carLicenseFront" />
    <result column="car_license_reverse" jdbcType="VARCHAR" property="carLicenseReverse" />
    <result column="car_photo_fron" jdbcType="VARCHAR" property="carPhotoFron" />
    <result column="car_photo_flank" jdbcType="VARCHAR" property="carPhotoFlank" />
    <result column="car_photo_reverse" jdbcType="VARCHAR" property="carPhotoReverse" />
    <result column="ctime" jdbcType="TIMESTAMP" property="ctime" />
    <result column="modify_time" jdbcType="TIMESTAMP" property="modifyTime" />
    <result column="varify_status" jdbcType="VARCHAR" property="varifyStatus" />
    <result column="varify_time" jdbcType="TIMESTAMP" property="varifyTime" />
    <result column="car_unit_price" jdbcType="INTEGER" property="carUnitPrice" />
    <result column="user_id" jdbcType="INTEGER" property="userId" />
    <result column="car_phone" jdbcType="VARCHAR" property="carPhone" />
    <result column="car_status" jdbcType="INTEGER" property="carStatus" />
  </resultMap>
  <resultMap extends="BaseResultMap" id="ResultMapWithBLOBs" type="com.suguowen.model.GfCar">
    <result column="varify_remark" jdbcType="LONGVARCHAR" property="varifyRemark" />
  </resultMap>
  <sql id="Example_Where_Clause">
    <where>
      <foreach collection="oredCriteria" item="criteria" separator="or">
        <if test="criteria.valid">
          <trim prefix="(" prefixOverrides="and" suffix=")">
            <foreach collection="criteria.criteria" item="criterion">
              <choose>
                <when test="criterion.noValue">
                  and ${criterion.condition}
                </when>
                <when test="criterion.singleValue">
                  and ${criterion.condition} #{criterion.value}
                </when>
                <when test="criterion.betweenValue">
                  and ${criterion.condition} #{criterion.value} and #{criterion.secondValue}
                </when>
                <when test="criterion.listValue">
                  and ${criterion.condition}
                  <foreach close=")" collection="criterion.value" item="listItem" open="(" separator=",">
                    #{listItem}
                  </foreach>
                </when>
              </choose>
            </foreach>
          </trim>
        </if>
      </foreach>
    </where>
  </sql>
  <sql id="Update_By_Example_Where_Clause">
    <where>
      <foreach collection="example.oredCriteria" item="criteria" separator="or">
        <if test="criteria.valid">
          <trim prefix="(" prefixOverrides="and" suffix=")">
            <foreach collection="criteria.criteria" item="criterion">
              <choose>
                <when test="criterion.noValue">
                  and ${criterion.condition}
                </when>
                <when test="criterion.singleValue">
                  and ${criterion.condition} #{criterion.value}
                </when>
                <when test="criterion.betweenValue">
                  and ${criterion.condition} #{criterion.value} and #{criterion.secondValue}
                </when>
                <when test="criterion.listValue">
                  and ${criterion.condition}
                  <foreach close=")" collection="criterion.value" item="listItem" open="(" separator=",">
                    #{listItem}
                  </foreach>
                </when>
              </choose>
            </foreach>
          </trim>
        </if>
      </foreach>
    </where>
  </sql>
  <sql id="Base_Column_List">
    car_id, car_number, car_type, car_brand_number, car_brand, car_volume, car_license_front, 
    car_license_reverse, car_photo_fron, car_photo_flank, car_photo_reverse, ctime, modify_time, 
    varify_status, varify_time, car_unit_price, user_id, car_phone, car_status
  </sql>
  <sql id="Blob_Column_List">
    varify_remark
  </sql>
  <select id="selectByExampleWithBLOBs" parameterType="com.suguowen.model.GfCarExample" resultMap="ResultMapWithBLOBs">
    select
    <if test="distinct">
      distinct
    </if>
    <include refid="Base_Column_List" />
    ,
    <include refid="Blob_Column_List" />
    from gf_car
    <if test="_parameter != null">
      <include refid="Example_Where_Clause" />
    </if>
    <if test="orderByClause != null">
      order by ${orderByClause}
    </if>
  </select>
  <select id="selectByExample" parameterType="com.suguowen.model.GfCarExample" resultMap="BaseResultMap">
    select
    <if test="distinct">
      distinct
    </if>
    <include refid="Base_Column_List" />
    from gf_car
    <if test="_parameter != null">
      <include refid="Example_Where_Clause" />
    </if>
    <if test="orderByClause != null">
      order by ${orderByClause}
    </if>
  </select>
  <select id="selectByPrimaryKey" parameterType="java.lang.Integer" resultMap="ResultMapWithBLOBs">
    select 
    <include refid="Base_Column_List" />
    ,
    <include refid="Blob_Column_List" />
    from gf_car
    where car_id = #{carId,jdbcType=INTEGER}
  </select>
  <delete id="deleteByPrimaryKey" parameterType="java.lang.Integer">
    delete from gf_car
    where car_id = #{carId,jdbcType=INTEGER}
  </delete>
  <delete id="deleteByExample" parameterType="com.suguowen.model.GfCarExample">
    delete from gf_car
    <if test="_parameter != null">
      <include refid="Example_Where_Clause" />
    </if>
  </delete>
  <insert id="insert" parameterType="com.suguowen.model.GfCar">
    insert into gf_car (car_id, car_number, car_type, 
      car_brand_number, car_brand, car_volume, 
      car_license_front, car_license_reverse, car_photo_fron, 
      car_photo_flank, car_photo_reverse, ctime, 
      modify_time, varify_status, varify_time, 
      car_unit_price, user_id, car_phone, 
      car_status, varify_remark)
    values (#{carId,jdbcType=INTEGER}, #{carNumber,jdbcType=VARCHAR}, #{carType,jdbcType=VARCHAR}, 
      #{carBrandNumber,jdbcType=VARCHAR}, #{carBrand,jdbcType=VARCHAR}, #{carVolume,jdbcType=INTEGER}, 
      #{carLicenseFront,jdbcType=VARCHAR}, #{carLicenseReverse,jdbcType=VARCHAR}, #{carPhotoFron,jdbcType=VARCHAR}, 
      #{carPhotoFlank,jdbcType=VARCHAR}, #{carPhotoReverse,jdbcType=VARCHAR}, #{ctime,jdbcType=TIMESTAMP}, 
      #{modifyTime,jdbcType=TIMESTAMP}, #{varifyStatus,jdbcType=VARCHAR}, #{varifyTime,jdbcType=TIMESTAMP}, 
      #{carUnitPrice,jdbcType=INTEGER}, #{userId,jdbcType=INTEGER}, #{carPhone,jdbcType=VARCHAR}, 
      #{carStatus,jdbcType=INTEGER}, #{varifyRemark,jdbcType=LONGVARCHAR})
  </insert>
  <insert id="insertSelective" parameterType="com.suguowen.model.GfCar">
    insert into gf_car
    <trim prefix="(" suffix=")" suffixOverrides=",">
      <if test="carId != null">
        car_id,
      </if>
      <if test="carNumber != null">
        car_number,
      </if>
      <if test="carType != null">
        car_type,
      </if>
      <if test="carBrandNumber != null">
        car_brand_number,
      </if>
      <if test="carBrand != null">
        car_brand,
      </if>
      <if test="carVolume != null">
        car_volume,
      </if>
      <if test="carLicenseFront != null">
        car_license_front,
      </if>
      <if test="carLicenseReverse != null">
        car_license_reverse,
      </if>
      <if test="carPhotoFron != null">
        car_photo_fron,
      </if>
      <if test="carPhotoFlank != null">
        car_photo_flank,
      </if>
      <if test="carPhotoReverse != null">
        car_photo_reverse,
      </if>
      <if test="ctime != null">
        ctime,
      </if>
      <if test="modifyTime != null">
        modify_time,
      </if>
      <if test="varifyStatus != null">
        varify_status,
      </if>
      <if test="varifyTime != null">
        varify_time,
      </if>
      <if test="carUnitPrice != null">
        car_unit_price,
      </if>
      <if test="userId != null">
        user_id,
      </if>
      <if test="carPhone != null">
        car_phone,
      </if>
      <if test="carStatus != null">
        car_status,
      </if>
      <if test="varifyRemark != null">
        varify_remark,
      </if>
    </trim>
    <trim prefix="values (" suffix=")" suffixOverrides=",">
      <if test="carId != null">
        #{carId,jdbcType=INTEGER},
      </if>
      <if test="carNumber != null">
        #{carNumber,jdbcType=VARCHAR},
      </if>
      <if test="carType != null">
        #{carType,jdbcType=VARCHAR},
      </if>
      <if test="carBrandNumber != null">
        #{carBrandNumber,jdbcType=VARCHAR},
      </if>
      <if test="carBrand != null">
        #{carBrand,jdbcType=VARCHAR},
      </if>
      <if test="carVolume != null">
        #{carVolume,jdbcType=INTEGER},
      </if>
      <if test="carLicenseFront != null">
        #{carLicenseFront,jdbcType=VARCHAR},
      </if>
      <if test="carLicenseReverse != null">
        #{carLicenseReverse,jdbcType=VARCHAR},
      </if>
      <if test="carPhotoFron != null">
        #{carPhotoFron,jdbcType=VARCHAR},
      </if>
      <if test="carPhotoFlank != null">
        #{carPhotoFlank,jdbcType=VARCHAR},
      </if>
      <if test="carPhotoReverse != null">
        #{carPhotoReverse,jdbcType=VARCHAR},
      </if>
      <if test="ctime != null">
        #{ctime,jdbcType=TIMESTAMP},
      </if>
      <if test="modifyTime != null">
        #{modifyTime,jdbcType=TIMESTAMP},
      </if>
      <if test="varifyStatus != null">
        #{varifyStatus,jdbcType=VARCHAR},
      </if>
      <if test="varifyTime != null">
        #{varifyTime,jdbcType=TIMESTAMP},
      </if>
      <if test="carUnitPrice != null">
        #{carUnitPrice,jdbcType=INTEGER},
      </if>
      <if test="userId != null">
        #{userId,jdbcType=INTEGER},
      </if>
      <if test="carPhone != null">
        #{carPhone,jdbcType=VARCHAR},
      </if>
      <if test="carStatus != null">
        #{carStatus,jdbcType=INTEGER},
      </if>
      <if test="varifyRemark != null">
        #{varifyRemark,jdbcType=LONGVARCHAR},
      </if>
    </trim>
  </insert>
  <select id="countByExample" parameterType="com.suguowen.model.GfCarExample" resultType="java.lang.Long">
    select count(*) from gf_car
    <if test="_parameter != null">
      <include refid="Example_Where_Clause" />
    </if>
  </select>
  <update id="updateByExampleSelective" parameterType="map">
    update gf_car
    <set>
      <if test="record.carId != null">
        car_id = #{record.carId,jdbcType=INTEGER},
      </if>
      <if test="record.carNumber != null">
        car_number = #{record.carNumber,jdbcType=VARCHAR},
      </if>
      <if test="record.carType != null">
        car_type = #{record.carType,jdbcType=VARCHAR},
      </if>
      <if test="record.carBrandNumber != null">
        car_brand_number = #{record.carBrandNumber,jdbcType=VARCHAR},
      </if>
      <if test="record.carBrand != null">
        car_brand = #{record.carBrand,jdbcType=VARCHAR},
      </if>
      <if test="record.carVolume != null">
        car_volume = #{record.carVolume,jdbcType=INTEGER},
      </if>
      <if test="record.carLicenseFront != null">
        car_license_front = #{record.carLicenseFront,jdbcType=VARCHAR},
      </if>
      <if test="record.carLicenseReverse != null">
        car_license_reverse = #{record.carLicenseReverse,jdbcType=VARCHAR},
      </if>
      <if test="record.carPhotoFron != null">
        car_photo_fron = #{record.carPhotoFron,jdbcType=VARCHAR},
      </if>
      <if test="record.carPhotoFlank != null">
        car_photo_flank = #{record.carPhotoFlank,jdbcType=VARCHAR},
      </if>
      <if test="record.carPhotoReverse != null">
        car_photo_reverse = #{record.carPhotoReverse,jdbcType=VARCHAR},
      </if>
      <if test="record.ctime != null">
        ctime = #{record.ctime,jdbcType=TIMESTAMP},
      </if>
      <if test="record.modifyTime != null">
        modify_time = #{record.modifyTime,jdbcType=TIMESTAMP},
      </if>
      <if test="record.varifyStatus != null">
        varify_status = #{record.varifyStatus,jdbcType=VARCHAR},
      </if>
      <if test="record.varifyTime != null">
        varify_time = #{record.varifyTime,jdbcType=TIMESTAMP},
      </if>
      <if test="record.carUnitPrice != null">
        car_unit_price = #{record.carUnitPrice,jdbcType=INTEGER},
      </if>
      <if test="record.userId != null">
        user_id = #{record.userId,jdbcType=INTEGER},
      </if>
      <if test="record.carPhone != null">
        car_phone = #{record.carPhone,jdbcType=VARCHAR},
      </if>
      <if test="record.carStatus != null">
        car_status = #{record.carStatus,jdbcType=INTEGER},
      </if>
      <if test="record.varifyRemark != null">
        varify_remark = #{record.varifyRemark,jdbcType=LONGVARCHAR},
      </if>
    </set>
    <if test="_parameter != null">
      <include refid="Update_By_Example_Where_Clause" />
    </if>
  </update>
  <update id="updateByExampleWithBLOBs" parameterType="map">
    update gf_car
    set car_id = #{record.carId,jdbcType=INTEGER},
      car_number = #{record.carNumber,jdbcType=VARCHAR},
      car_type = #{record.carType,jdbcType=VARCHAR},
      car_brand_number = #{record.carBrandNumber,jdbcType=VARCHAR},
      car_brand = #{record.carBrand,jdbcType=VARCHAR},
      car_volume = #{record.carVolume,jdbcType=INTEGER},
      car_license_front = #{record.carLicenseFront,jdbcType=VARCHAR},
      car_license_reverse = #{record.carLicenseReverse,jdbcType=VARCHAR},
      car_photo_fron = #{record.carPhotoFron,jdbcType=VARCHAR},
      car_photo_flank = #{record.carPhotoFlank,jdbcType=VARCHAR},
      car_photo_reverse = #{record.carPhotoReverse,jdbcType=VARCHAR},
      ctime = #{record.ctime,jdbcType=TIMESTAMP},
      modify_time = #{record.modifyTime,jdbcType=TIMESTAMP},
      varify_status = #{record.varifyStatus,jdbcType=VARCHAR},
      varify_time = #{record.varifyTime,jdbcType=TIMESTAMP},
      car_unit_price = #{record.carUnitPrice,jdbcType=INTEGER},
      user_id = #{record.userId,jdbcType=INTEGER},
      car_phone = #{record.carPhone,jdbcType=VARCHAR},
      car_status = #{record.carStatus,jdbcType=INTEGER},
      varify_remark = #{record.varifyRemark,jdbcType=LONGVARCHAR}
    <if test="_parameter != null">
      <include refid="Update_By_Example_Where_Clause" />
    </if>
  </update>
  <update id="updateByExample" parameterType="map">
    update gf_car
    set car_id = #{record.carId,jdbcType=INTEGER},
      car_number = #{record.carNumber,jdbcType=VARCHAR},
      car_type = #{record.carType,jdbcType=VARCHAR},
      car_brand_number = #{record.carBrandNumber,jdbcType=VARCHAR},
      car_brand = #{record.carBrand,jdbcType=VARCHAR},
      car_volume = #{record.carVolume,jdbcType=INTEGER},
      car_license_front = #{record.carLicenseFront,jdbcType=VARCHAR},
      car_license_reverse = #{record.carLicenseReverse,jdbcType=VARCHAR},
      car_photo_fron = #{record.carPhotoFron,jdbcType=VARCHAR},
      car_photo_flank = #{record.carPhotoFlank,jdbcType=VARCHAR},
      car_photo_reverse = #{record.carPhotoReverse,jdbcType=VARCHAR},
      ctime = #{record.ctime,jdbcType=TIMESTAMP},
      modify_time = #{record.modifyTime,jdbcType=TIMESTAMP},
      varify_status = #{record.varifyStatus,jdbcType=VARCHAR},
      varify_time = #{record.varifyTime,jdbcType=TIMESTAMP},
      car_unit_price = #{record.carUnitPrice,jdbcType=INTEGER},
      user_id = #{record.userId,jdbcType=INTEGER},
      car_phone = #{record.carPhone,jdbcType=VARCHAR},
      car_status = #{record.carStatus,jdbcType=INTEGER}
    <if test="_parameter != null">
      <include refid="Update_By_Example_Where_Clause" />
    </if>
  </update>
  <update id="updateByPrimaryKeySelective" parameterType="com.suguowen.model.GfCar">
    update gf_car
    <set>
      <if test="carNumber != null">
        car_number = #{carNumber,jdbcType=VARCHAR},
      </if>
      <if test="carType != null">
        car_type = #{carType,jdbcType=VARCHAR},
      </if>
      <if test="carBrandNumber != null">
        car_brand_number = #{carBrandNumber,jdbcType=VARCHAR},
      </if>
      <if test="carBrand != null">
        car_brand = #{carBrand,jdbcType=VARCHAR},
      </if>
      <if test="carVolume != null">
        car_volume = #{carVolume,jdbcType=INTEGER},
      </if>
      <if test="carLicenseFront != null">
        car_license_front = #{carLicenseFront,jdbcType=VARCHAR},
      </if>
      <if test="carLicenseReverse != null">
        car_license_reverse = #{carLicenseReverse,jdbcType=VARCHAR},
      </if>
      <if test="carPhotoFron != null">
        car_photo_fron = #{carPhotoFron,jdbcType=VARCHAR},
      </if>
      <if test="carPhotoFlank != null">
        car_photo_flank = #{carPhotoFlank,jdbcType=VARCHAR},
      </if>
      <if test="carPhotoReverse != null">
        car_photo_reverse = #{carPhotoReverse,jdbcType=VARCHAR},
      </if>
      <if test="ctime != null">
        ctime = #{ctime,jdbcType=TIMESTAMP},
      </if>
      <if test="modifyTime != null">
        modify_time = #{modifyTime,jdbcType=TIMESTAMP},
      </if>
      <if test="varifyStatus != null">
        varify_status = #{varifyStatus,jdbcType=VARCHAR},
      </if>
      <if test="varifyTime != null">
        varify_time = #{varifyTime,jdbcType=TIMESTAMP},
      </if>
      <if test="carUnitPrice != null">
        car_unit_price = #{carUnitPrice,jdbcType=INTEGER},
      </if>
      <if test="userId != null">
        user_id = #{userId,jdbcType=INTEGER},
      </if>
      <if test="carPhone != null">
        car_phone = #{carPhone,jdbcType=VARCHAR},
      </if>
      <if test="carStatus != null">
        car_status = #{carStatus,jdbcType=INTEGER},
      </if>
      <if test="varifyRemark != null">
        varify_remark = #{varifyRemark,jdbcType=LONGVARCHAR},
      </if>
    </set>
    where car_id = #{carId,jdbcType=INTEGER}
  </update>
  <update id="updateByPrimaryKeyWithBLOBs" parameterType="com.suguowen.model.GfCar">
    update gf_car
    set car_number = #{carNumber,jdbcType=VARCHAR},
      car_type = #{carType,jdbcType=VARCHAR},
      car_brand_number = #{carBrandNumber,jdbcType=VARCHAR},
      car_brand = #{carBrand,jdbcType=VARCHAR},
      car_volume = #{carVolume,jdbcType=INTEGER},
      car_license_front = #{carLicenseFront,jdbcType=VARCHAR},
      car_license_reverse = #{carLicenseReverse,jdbcType=VARCHAR},
      car_photo_fron = #{carPhotoFron,jdbcType=VARCHAR},
      car_photo_flank = #{carPhotoFlank,jdbcType=VARCHAR},
      car_photo_reverse = #{carPhotoReverse,jdbcType=VARCHAR},
      ctime = #{ctime,jdbcType=TIMESTAMP},
      modify_time = #{modifyTime,jdbcType=TIMESTAMP},
      varify_status = #{varifyStatus,jdbcType=VARCHAR},
      varify_time = #{varifyTime,jdbcType=TIMESTAMP},
      car_unit_price = #{carUnitPrice,jdbcType=INTEGER},
      user_id = #{userId,jdbcType=INTEGER},
      car_phone = #{carPhone,jdbcType=VARCHAR},
      car_status = #{carStatus,jdbcType=INTEGER},
      varify_remark = #{varifyRemark,jdbcType=LONGVARCHAR}
    where car_id = #{carId,jdbcType=INTEGER}
  </update>
  <update id="updateByPrimaryKey" parameterType="com.suguowen.model.GfCar">
    update gf_car
    set car_number = #{carNumber,jdbcType=VARCHAR},
      car_type = #{carType,jdbcType=VARCHAR},
      car_brand_number = #{carBrandNumber,jdbcType=VARCHAR},
      car_brand = #{carBrand,jdbcType=VARCHAR},
      car_volume = #{carVolume,jdbcType=INTEGER},
      car_license_front = #{carLicenseFront,jdbcType=VARCHAR},
      car_license_reverse = #{carLicenseReverse,jdbcType=VARCHAR},
      car_photo_fron = #{carPhotoFron,jdbcType=VARCHAR},
      car_photo_flank = #{carPhotoFlank,jdbcType=VARCHAR},
      car_photo_reverse = #{carPhotoReverse,jdbcType=VARCHAR},
      ctime = #{ctime,jdbcType=TIMESTAMP},
      modify_time = #{modifyTime,jdbcType=TIMESTAMP},
      varify_status = #{varifyStatus,jdbcType=VARCHAR},
      varify_time = #{varifyTime,jdbcType=TIMESTAMP},
      car_unit_price = #{carUnitPrice,jdbcType=INTEGER},
      user_id = #{userId,jdbcType=INTEGER},
      car_phone = #{carPhone,jdbcType=VARCHAR},
      car_status = #{carStatus,jdbcType=INTEGER}
    where car_id = #{carId,jdbcType=INTEGER}
  </update>
  
  <!-- 自定义方法 -->
  <update id="updateCarMsg">
		UPDATE gf_car
		SET varify_status = #{arg1},varify_time = #{arg2},varify_remark =
		#{arg3}
		WHERE car_id = #{arg0};
	</update>
	
	<select id="selectAll" resultMap="BaseResultMap">
		SELECT
		<include refid="Base_Column_List" />
		FROM
		gf_car
	</select>
	
	  <select id="selectByStatus" parameterType="java.lang.Integer" resultMap="ResultMapWithBLOBs">
    select 
    <include refid="Base_Column_List" />
    ,
    <include refid="Blob_Column_List" />
    from gf_car
    where varify_status = #{status,jdbcType=INTEGER}
  </select>
  
</mapper>