<?xml version="1.0" encoding="UTF-8"?>
<beans xmlns="http://www.springframework.org/schema/beans"
	xmlns:xsi="http://www.w3.org/2001/XMLSchema-instance" xmlns:context="http://www.springframework.org/schema/context"
	xmlns:aop="http://www.springframework.org/schema/aop" xmlns:tx="http://www.springframework.org/schema/tx"
	xsi:schemaLocation="http://www.springframework.org/schema/beans http://www.springframework.org/schema/beans/spring-beans.xsd
		http://www.springframework.org/schema/context http://www.springframework.org/schema/context/spring-context-4.3.xsd
		http://www.springframework.org/schema/aop http://www.springframework.org/schema/aop/spring-aop-4.3.xsd
		http://www.springframework.org/schema/tx http://www.springframework.org/schema/tx/spring-tx-4.3.xsd">

	<!-- ====================1.扫描所有文件的注解(除了Controller)=========== -->
	<context:component-scan base-package="com.suguowen">
		<context:exclude-filter type="annotation"
			expression="org.springframework.stereotype.Controller" />
	</context:component-scan>

	<!-- spring配置，配置业务逻辑相关 -->
	<!-- =======================2.数据源========================== -->
	<!-- 读取mysql基本配置信息 -->
	<context:property-placeholder location="classpath:dbconfig.properties" />

	<!-- 数据库连接池(替换普通dataSource数据源) -->
	<bean id="pooledDataSource" class="com.mchange.v2.c3p0.ComboPooledDataSource">
		<property name="jdbcUrl" value="${jdbc.jdbcUrl}"></property>
		<property name="driverClass" value="${jdbc.driverClass}"></property>
		<property name="user" value="${jdbc.user}"></property>
		<property name="password" value="${jdbc.password}"></property>
	</bean>

	<!-- =======================3.配置mybatis整合 =======================-->
	<bean id="sqlSessionFactory" class="org.mybatis.spring.SqlSessionFactoryBean">
		<property name="configLocation" value="classpath:mybatis-config.xml"></property>
		<property name="dataSource" ref="pooledDataSource"></property>
		<!-- 指定mybatis.mapping.xml位置 -->
		<property name="mapperLocations" value="classpath:com/suguowen/dao/mapper/*.xml"></property>
	</bean>

	<!-- 配置扫描器，将mybatis接口的实现加入到ioc容器中 -->
	<bean class="org.mybatis.spring.mapper.MapperScannerConfigurer">
		<!-- 扫描所有dao接口的实现，加入到ioc容器中 -->
		<property name="basePackage" value="com.suguowen.dao"></property>
	</bean>

	<!-- 批量操作 -->
	<bean id="sqlSession" class="org.mybatis.spring.SqlSessionTemplate">
		<constructor-arg name="sqlSessionFactory" ref="sqlSessionFactory"></constructor-arg>
		<constructor-arg name="executorType" value="BATCH"></constructor-arg>
	</bean>

	<!-- ========================4.事务控制的配置======================== -->
	<bean id="transactionManager"
		class="org.springframework.jdbc.datasource.DataSourceTransactionManager">
		<!-- 控制数据源 -->
		<property name="dataSource" ref="pooledDataSource"></property>
	</bean>
	<!-- 开启基于注解的事务，使用xml配置形式的事务(必要主要的都是使用配置式) -->
	<aop:config>
		<aop:pointcut expression="execution(* com.suguowen.service..*(..))"
			id="txPoint" />
		<!-- 配置事务增强 -->
		<aop:advisor advice-ref="txAdivce" pointcut-ref="txPoint" />
	</aop:config>

	<!-- 配置事务增强，事务切入后干嘛-->
	<tx:advice id="txAdivce" transaction-manager="transactionManager">
		<tx:attributes>
			<!-- 所有方法都会事务方法 -->
			<tx:method name="*" />
			<!-- 以get开始的所有方法,都是只读 -->
			<tx:method name="get*" read-only="true" />
		</tx:attributes>
	</tx:advice>

</beans>
