<?xml version="1.0" encoding="UTF-8" ?>
<!DOCTYPE configuration
  PUBLIC "-//mybatis.org//DTD Config 3.0//EN"
  "http://mybatis.org/dtd/mybatis-3-config.dtd">
<configuration>
	<!-- 1.设置javabean和table的字段大小写自动切换 -->
	<settings>
		<setting name="mapUnderscoreToCamelCase" value="true" />
	</settings>

	<!-- 2.配置别名，mapper.xml的resultType/parameterType不需要写大串路径(typeAliases配置 需要放置在settings之后，否则会出异常！！！) -->
	<typeAliases>
		<package name="com.suguowen.bean" />
	</typeAliases>
	
	<!-- 3.分页插件,引入pageHelper类来处理数据,很容易处理页面显示数据条数,第一页无法按前一页等逻辑 -->
	<plugins>
		<!-- com.github.pagehelper为PageHelper类所在包名 -->
		<plugin interceptor="com.github.pagehelper.PageInterceptor">
			<!-- 参数合理化 -->
			<!-- 分页合理化参数，默认值为false。当该参数设置为 true 时，pageNum<=0 时会查询第一页， pageNum>pages（超过总数时），会查询最后一页。默认false 
				时，直接根据参数进行查询。 -->
			<property name="reasonable" value="true" />
		</plugin>
	</plugins>


</configuration>